﻿<?xml version="1.0" encoding="utf-8"?>
<ModMetaData>
    <name>[SYR] Neuter</name>
    <author>Syrchalis</author>
    <supportedVersions>
        <li>1.0</li>
        <li>1.1</li>
        <li>1.2</li>
        <li>1.3</li>
        <li>1.4</li>
    </supportedVersions>
	<url>https://ludeon.com/forums/index.php?topic=43449</url>
    <description>Adds the ability to neuter animals, which will make them unable to mate.</description>
    <packageId>syrchalis.neuter</packageId>
    <modDependencies>
    <li>
        <packageId>brrainz.harmony</packageId>
        <displayName>Harmony</displayName>
        <steamWorkshopUrl>steam://url/CommunityFilePage/2009463077</steamWorkshopUrl>
        <downloadUrl>https://github.com/pardeike/HarmonyRimWorld/releases/latest</downloadUrl>
    </li>
</modDependencies>
</ModMetaData>